class,class_n,i_0,i_1,i_2,i_3,i_4,i_5,i_6,i_7,i_8,i_9,i_10,i_11,i_12,i_13,i_14,i_15,i_16,i_17,i_18,i_19,i_20,i_21,i_22,i_23,i_24,i_25,i_26,i_27,i_28,i_29,i_30,i_31,i_32,i_33,i_34,i_35,i_36,i_37,i_38,i_39,i_40,i_41,d_0,d_1,d_2,d_3,d_4,d_5,d_6,d_7,d_8,d_9,d_10,d_11,d_12,d_13,d_14,d_15,d_16,d_17,d_18,d_19,d_20,d_21,d_22,d_23,d_24,d_25,d_26,d_27,d_28,d_29,d_30,d_31,d_32,d_33,d_34,d_35,d_36,d_37,d_38,d_39,d_40,d_41
bien,0,0.211811873,0.1196752,0.205125328,0.108440563,0.198726606,0.097538544,0.194186968,0.087099001,0.193376699,0.078912534,0.188793384,0.100087842,0.177452969,0.102067767,0.177956377,0.103500382,0.18305262,0.105601483,0.187610737,0.107567073,0.176256323,0.110399153,0.181972448,0.112881031,0.18724732,0.113213706,0.188321893,0.114684511,0.177068832,0.11645596,0.183166293,0.118952173,0.188549799,0.118822317,0.188916016,0.1225154,0.18048462,0.123729236,0.184702838,0.125617215,0.189044248,0.124784211,0,0,0,0,0,0,0,0,0,0,0,0,0,0,0,0,0,0,0,0,0,0,0,0,0,0,0,0,0,0,0,0,0,0,0,0,0,0,0,0,0,0
bien,0,0.208871009,0.12029878,0.207079767,0.108115899,0.205288525,0.095933017,0.203855531,0.087333316,0.204930276,0.078375366,0.185581383,0.100949539,0.18199716,0.096649688,0.184504899,0.096649688,0.185581383,0.093424756,0.183430153,0.108115899,0.176623433,0.105249389,0.185939631,0.105249389,0.190238613,0.105249389,0.183788402,0.115998929,0.179131172,0.11134083,0.187372625,0.110982408,0.190596861,0.11134083,0.18414665,0.122448792,0.182355408,0.121373699,0.187372625,0.119223861,0.190238613,0.119223861,0,0,0,0,0,0,0,0,0,0,0,0,0,0,0,0,0,0,0,0,0,0,0,0,0,0,0,0,0,0,0,0,0,0,0,0,0,0,0,0,0,0
bien,0,0.200418965,0.133091688,0.196456723,0.120898272,0.191883936,0.109009657,0.187005878,0.100169514,0.186396907,0.09224377,0.179995636,0.113582286,0.16993582,0.113887086,0.176337092,0.114496686,0.180909878,0.116325801,0.178470849,0.122727387,0.169630548,0.12120323,0.175728121,0.122727387,0.180299334,0.123336987,0.179081393,0.13065313,0.169630548,0.128519216,0.175728121,0.129433773,0.179995636,0.129738573,0.178776121,0.137969117,0.171764306,0.135835202,0.175422849,0.135835202,0.179690364,0.136140159,0,0,0,0,0,0,0,0,0,0,0,0,0,0,0,0,0,0,0,0,0,0,0,0,0,0,0,0,0,0,0,0,0,0,0,0,0,0,0,0,0,0
bien,0,0.212692344,0.123943599,0.211553792,0.112288938,0.208457669,0.099787517,0.206371933,0.088918079,0.207246257,0.080303448,0.193427382,0.100135315,0.183667615,0.096562879,0.179304776,0.094981372,0.178828638,0.097151906,0.19146981,0.108475272,0.179859567,0.105015023,0.178620767,0.104846742,0.178744629,0.102502572,0.190515604,0.116871235,0.181985683,0.111969581,0.177011345,0.114661637,0.179534769,0.112945558,0.189131258,0.124369963,0.179281952,0.12445406,0.179080577,0.122979122,0.180106853,0.122053708,0,0,0,0,0,0,0,0,0,0,0,0,0,0,0,0,0,0,0,0,0,0,0,0,0,0,0,0,0,0,0,0,0,0,0,0,0,0,0,0,0,0
bien,0,0.206809442,0.126398677,0.200419693,0.11585474,0.194668145,0.105630212,0.188597497,0.096044815,0.186679798,0.088056932,0.183804798,0.107227727,0.174857601,0.108825396,0.1764562,0.111381451,0.181567999,0.11329853,0.183165049,0.11425707,0.171982601,0.11617415,0.177734149,0.119688899,0.182845948,0.120327873,0.183804798,0.121925388,0.172301701,0.123203493,0.178692999,0.125759547,0.184123898,0.126079112,0.184123898,0.129593706,0.17581645,0.129593706,0.180290049,0.131510785,0.184442998,0.13183035,0,0,0,0,0,0,0,0,0,0,0,0,0,0,0,0,0,0,0,0,0,0,0,0,0,0,0,0,0,0,0,0,0,0,0,0,0,0,0,0,0,0
borrar,1,0.223663119,0.081380229,0.214472018,0.081039812,0.205960816,0.08240148,0.202896596,0.080018405,0.194726901,0.076273819,0.216854781,0.064018342,0.198812528,0.067422667,0.202896596,0.074571579,0.200513833,0.069805742,0.213790561,0.064018342,0.203238104,0.07218866,0.203238104,0.070486575,0.19813107,0.069465169,0.202556646,0.071507826,0.208343578,0.067763084,0.203918002,0.070826992,0.200853782,0.068443918,0.21413051,0.063337508,0.208685087,0.06708225,0.205960816,0.06708225,0.203578053,0.067422667,0,0,0,0,0,0,0,0,0,0,0,0,0,0,0,0,0,0,0,0,0,0,0,0,0,0,0,0,0,0,0,0,0,0,0,0,0,0,0,0,0,0
borrar,1,0.223572047,0.07554647,0.214763164,0.07708173,0.204259861,0.078764655,0.198155737,0.074513626,0.194596887,0.072376778,0.204339198,0.069045578,0.19673414,0.066363487,0.198529756,0.069637208,0.200735013,0.07138757,0.207260111,0.065260454,0.201348663,0.063408006,0.203600065,0.0680911,0.205907327,0.06928448,0.211704626,0.061486179,0.207247967,0.06115709,0.209476701,0.065840265,0.212455093,0.067977113,0.217023471,0.059235263,0.212977263,0.057917128,0.212977263,0.06084986,0.215250523,0.063737014,0,0,0,0,0,0,0,0,0,0,0,0,0,0,0,0,0,0,0,0,0,0,0,0,0,0,0,0,0,0,0,0,0,0,0,0,0,0,0,0,0,0
borrar,1,0.222835768,0.076177559,0.213220377,0.076604335,0.203122819,0.076550632,0.197861179,0.072063467,0.195637089,0.067638605,0.203443033,0.069711134,0.197354218,0.065458458,0.199222221,0.067780723,0.200125889,0.068797073,0.207693915,0.064571196,0.202664918,0.062290766,0.204894811,0.065980982,0.207237069,0.067591654,0.212310378,0.061632929,0.208320627,0.060054068,0.21067238,0.063863138,0.212321984,0.065823777,0.218426098,0.05927226,0.214574033,0.057333461,0.214693256,0.059414695,0.21564071,0.061730206,0,0,0,0,0,0,0,0,0,0,0,0,0,0,0,0,0,0,0,0,0,0,0,0,0,0,0,0,0,0,0,0,0,0,0,0,0,0,0,0,0,0
borrar,1,0.222403016,0.070205257,0.212799757,0.068284454,0.203194989,0.067644237,0.200314011,0.062522348,0.197433033,0.060601696,0.203835206,0.060281588,0.200314011,0.05451933,0.202234663,0.057720568,0.20511564,0.059961328,0.20991878,0.055479656,0.205435749,0.052918787,0.207998128,0.057400459,0.210558997,0.059001002,0.215360626,0.053559005,0.210558997,0.051958461,0.213439974,0.056440133,0.215680735,0.058360785,0.22144269,0.052598679,0.217921495,0.050037659,0.217921495,0.054199222,0.21920193,0.056440133,0,0,0,0,0,0,0,0,0,0,0,0,0,0,0,0,0,0,0,0,0,0,0,0,0,0,0,0,0,0,0,0,0,0,0,0,0,0,0,0,0,0
borrar,1,0.228665249,0.06562448,0.219494857,0.066763506,0.208636062,0.067707817,0.201895157,0.06343701,0.198449748,0.05905809,0.206262897,0.060316621,0.199900961,0.056398358,0.202258076,0.058497448,0.203843997,0.059943453,0.210256285,0.055033153,0.204467779,0.052938171,0.206616924,0.056565589,0.21086228,0.058106283,0.214757421,0.051235624,0.210385869,0.049202046,0.211298038,0.053130133,0.214446165,0.054952989,0.220945265,0.046628238,0.216986603,0.045104144,0.21630904,0.047430811,0.216909107,0.050229697,0,0,0,0,0,0,0,0,0,0,0,0,0,0,0,0,0,0,0,0,0,0,0,0,0,0,0,0,0,0,0,0,0,0,0,0,0,0,0,0,0,0
buenosdias,2,0.163924501,0.087655028,0.152441669,0.083836776,0.151080161,0.07667779,0.146277537,0.072911371,0.141827215,0.070394605,0.14824466,0.069752231,0.143533014,0.066276336,0.139664099,0.064670827,0.137726447,0.063743463,0.151559343,0.071223344,0.145687536,0.068501002,0.141877113,0.067277715,0.139854108,0.065447283,0.154520826,0.072876771,0.148464274,0.069925726,0.145509901,0.069418648,0.144323328,0.067202395,0.157598842,0.075696703,0.151733649,0.072698731,0.159992055,0.073501418,0.161633424,0.072664401,0.107718331,0.088002289,0.114209206,0.084446305,0.121477167,0.079471716,0.12599912,0.074611186,0.133760076,0.069551559,0.121854709,0.070625378,0.12784224,0.065518867,0.13337808,0.061676364,0.13667544,0.060586105,0.119131648,0.071003055,0.126658052,0.064943354,0.129501471,0.063844248,0.130951392,0.06286165,0.116613847,0.07107023,0.123084251,0.06674472,0.125510579,0.066118498,0.126101031,0.064935669,0.11411229,0.072368432,0.118512715,0.069959697,0.119782931,0.070234788,0.120084388,0.070121944
buenosdias,2,0.177605909,0.099132591,0.170920172,0.09320932,0.163995521,0.08655359,0.160052026,0.079531559,0.155936035,0.074574834,0.161955588,0.081412854,0.159908774,0.077316693,0.161173148,0.075647218,0.163678675,0.074625292,0.165702028,0.082045496,0.165373093,0.077383446,0.167868299,0.075796252,0.169426011,0.075665901,0.171934118,0.082046881,0.169508675,0.078426969,0.170853754,0.077200821,0.174317513,0.07583228,0.174805373,0.082969372,0.173948631,0.079110833,0.174514377,0.079208644,0.1779595,0.078670756,0.076610419,0.073369853,0.080057884,0.070224565,0.084940594,0.067509368,0.089247954,0.064487312,0.093049965,0.062512028,0.089722435,0.064068784,0.096783361,0.061352058,0.099735368,0.062084374,0.101716864,0.062430511,0.089997758,0.064614843,0.096283603,0.062247408,0.099117683,0.062589722,0.100712474,0.062702059,0.088877065,0.065081727,0.094657514,0.062792703,0.096715557,0.064027261,0.098153287,0.063946556,0.087408086,0.06578026,0.091829981,0.06419106,0.094119913,0.065817101,0.095556257,0.066978552
buenosdias,2,0.165865337,0.077884538,0.159827217,0.074297736,0.153818613,0.068201627,0.149502818,0.063065775,0.143639188,0.061645638,0.152957885,0.062367947,0.145563348,0.059196621,0.142974652,0.057034556,0.140731419,0.055862568,0.155457165,0.062873315,0.148246667,0.060378809,0.144396611,0.058051587,0.142498929,0.055301354,0.158239883,0.064608271,0.152243432,0.063316137,0.147890396,0.059314032,0.146224324,0.056933352,0.16173358,0.066601792,0.157419956,0.066495102,0.155425479,0.066295481,0.150670639,0.059141236,0.11525243,0.080028676,0.121798479,0.076722229,0.128556216,0.072108543,0.132428234,0.068881485,0.134407519,0.067250572,0.12702188,0.064879424,0.133241998,0.059293675,0.13721858,0.055936401,0.138811383,0.054212392,0.124795662,0.065247632,0.131678581,0.059251529,0.134384688,0.056823954,0.135444777,0.053379313,0.12195183,0.066159144,0.128879499,0.061619378,0.131247001,0.05862137,0.132132687,0.055515304,0.119593747,0.067666092,0.124357789,0.064310814,0.126404699,0.063388407,0.127499469,0.06209471
buenosdias,2,0.143167349,0.082987635,0.140096445,0.084415872,0.141177577,0.079166992,0.138511296,0.070030781,0.133719045,0.065195886,0.140664584,0.073817502,0.131771852,0.067953095,0.127697341,0.069313039,0.123264377,0.067390919,0.142011191,0.073520928,0.132785654,0.071408872,0.129864031,0.072001956,0.127725364,0.071113516,0.143298162,0.074304076,0.135033846,0.073001779,0.131842453,0.073282001,0.130424348,0.073295275,0.145908655,0.075686399,0.136756027,0.073603905,0.14911999,0.078728127,0.152199872,0.078817131,0.11490317,0.08582641,0.119711709,0.081546959,0.125978174,0.077257312,0.131392237,0.074311065,0.136425339,0.070950705,0.128913584,0.07428035,0.136145501,0.070556406,0.140216357,0.068974079,0.143074497,0.069391784,0.128195971,0.075488897,0.135984037,0.071923276,0.140337231,0.07167114,0.142316614,0.07099463,0.126831987,0.077014089,0.134404596,0.073482197,0.138094554,0.074516327,0.140057072,0.074021545,0.125700388,0.078334084,0.13137409,0.076792027,0.13420222,0.077765303,0.135585826,0.078240206
buenosdias,2,0.158556436,0.087330255,0.155151044,0.084550856,0.150840632,0.081351792,0.147112569,0.078777244,0.145572494,0.070383639,0.141436272,0.075047767,0.135490012,0.070522541,0.134241111,0.066298582,0.132108981,0.064445092,0.141566755,0.075811698,0.136612288,0.069907347,0.133078727,0.067494069,0.129395144,0.068625986,0.143506633,0.07613424,0.137496096,0.072341836,0.133736409,0.070521256,0.130170388,0.070144593,0.145478649,0.076327906,0.140438051,0.071856802,0.137012026,0.071027501,0.133014836,0.071329474,0.112741309,0.093658513,0.118573156,0.089304457,0.121313732,0.088144515,0.117722065,0.07708406,0.118418956,0.077210365,0.130915101,0.086259915,0.121959137,0.079516043,0.131411126,0.084403276,0.12803408,0.075750957,0.129806838,0.082256555,0.126738771,0.083683053,0.132510069,0.076770582,0.127949813,0.075320687,0.130821578,0.083271359,0.11508896,0.082953381,0.119672292,0.08783605,0.129189522,0.075825839,0.128876108,0.087821845,0.141587966,0.0737074,0.124330571,0.077214928,0.131293949,0.074142169
buenosdias,2,0.165114813,0.087561676,0.16058887,0.082534667,0.154584864,0.075738705,0.14886078,0.070923199,0.143911298,0.067904574,0.150161315,0.075162706,0.143912362,0.071512962,0.139811885,0.068131237,0.136843925,0.065547586,0.15235414,0.077103868,0.145759907,0.073225333,0.140928577,0.068984431,0.13707358,0.064754831,0.154703881,0.079385589,0.156388726,0.076422151,0.156795642,0.072884109,0.158302295,0.070501323,0.156897371,0.081979879,0.158263731,0.07980321,0.158342188,0.078095293,0.159005754,0.076984719,0.093819339,0.093425123,0.106361528,0.082886596,0.104773425,0.077467566,0.113851974,0.080558797,0.115379504,0.083692849,0.107077354,0.076087243,0.111763604,0.076050408,0.116339613,0.077461582,0.11729314,0.077485983,0.110022043,0.080339316,0.11343801,0.081402217,0.115436087,0.081414185,0.119083437,0.078701745,0.106771901,0.083962131,0.112136543,0.083735934,0.115795928,0.080608,0.118112025,0.082697567,0.10265427,0.078243964,0.114842468,0.083516186,0.113016466,0.080644768,0.114818798,0.080278145
buenosdias,2,0.142415379,0.08172403,0.142238247,0.082590638,0.13840637,0.077908756,0.134761717,0.074564449,0.130912056,0.072429958,0.13843477,0.080497087,0.132190907,0.081154667,0.134073115,0.082509544,0.135404616,0.083018611,0.137787676,0.07965486,0.134425542,0.082542838,0.136977171,0.083373922,0.137833991,0.083833529,0.139087107,0.081878835,0.13626847,0.083985843,0.135263531,0.086188408,0.139414804,0.085992838,0.140312696,0.081424122,0.137629508,0.085435272,0.13698722,0.087139474,0.140803368,0.086341771,0.100818228,0.091512315,0.105905057,0.084892167,0.116314481,0.079919247,0.118875504,0.076900627,0.12187031,0.076417514,0.117549202,0.081240655,0.125928037,0.078595916,0.131787577,0.07748607,0.134725713,0.078352852,0.118525304,0.082161703,0.127227031,0.081239388,0.132472552,0.080819716,0.136172695,0.08100611,0.117836134,0.084301831,0.125776553,0.083624196,0.129344219,0.084465855,0.132052706,0.084260847,0.11665533,0.085417707,0.122181099,0.085723995,0.124899547,0.086317259,0.126219338,0.087689351
comoestas,3,0.199794449,0.092686477,0.199408995,0.086363365,0.197699181,0.078327238,0.19539955,0.065969375,0.197535545,0.058020521,0.198222089,0.069852275,0.191833013,0.067073955,0.189892653,0.067037009,0.188665747,0.067708644,0.198354452,0.071467326,0.186477389,0.074641864,0.18785484,0.078242365,0.189826472,0.078794946,0.196747183,0.076259824,0.186199571,0.08028287,0.187690477,0.0827705,0.190753742,0.083317772,0.196102094,0.081781921,0.187153751,0.084774132,0.188390839,0.08656911,0.190585015,0.087018563,0.05010883,0.051035664,0.047161419,0.047552327,0.044347971,0.043399173,0.042338375,0.038710093,0.039390891,0.035762609,0.049572977,0.037638241,0.051984462,0.037504277,0.051850499,0.038844056,0.051180609,0.040585725,0.053190277,0.038576057,0.055065909,0.038174167,0.053190277,0.041389505,0.052386425,0.04259532,0.056137689,0.040183762,0.056673542,0.040317725,0.054663947,0.043265209,0.054128093,0.044470952,0.058415211,0.042327393,0.057879358,0.043265209,0.056941542,0.044470952,0.055869762,0.046078657
comoestas,3,0.196938407,0.099805188,0.198169945,0.090932771,0.198040778,0.082933492,0.192391591,0.080446439,0.189010244,0.080570483,0.19806973,0.076319562,0.193060437,0.071430676,0.191779905,0.072157128,0.188896666,0.07176406,0.194350619,0.079317195,0.187432034,0.078687396,0.190537232,0.082569524,0.193289077,0.083440954,0.190869799,0.083315276,0.185066947,0.081941284,0.18619827,0.084331759,0.190687926,0.087189238,0.187379328,0.087688608,0.182214145,0.085947382,0.182844389,0.087331025,0.184853154,0.088708357,0.051240954,0.04885189,0.047760876,0.045371812,0.045083859,0.041356286,0.044280724,0.037073073,0.041871394,0.03493143,0.050571737,0.0365377,0.050705581,0.03734076,0.048563937,0.040017777,0.048831624,0.041222443,0.054051815,0.03734076,0.052713306,0.038946956,0.050973267,0.041757816,0.050705581,0.043364012,0.056996519,0.038679269,0.054988793,0.040419308,0.054051815,0.043096325,0.052980993,0.044568677,0.059004319,0.040687069,0.057531967,0.042293264,0.056327302,0.044434834,0.055791854,0.045639499
comoestas,3,0.204544175,0.108692004,0.199193689,0.092119292,0.193687298,0.081967676,0.187781916,0.078210848,0.184033037,0.075459294,0.195357626,0.082912127,0.184994104,0.084640817,0.184988463,0.086294119,0.188013208,0.087366114,0.198618279,0.086870297,0.183430447,0.091756507,0.185488484,0.094011784,0.189586609,0.094404826,0.198419296,0.092639109,0.184044832,0.095883403,0.187862432,0.099064103,0.191688238,0.098967279,0.197796705,0.09833438,0.186480322,0.101088703,0.188916324,0.103060378,0.19233083,0.103532398,0.037022258,0.035037608,0.036189248,0.031057591,0.036096679,0.02902135,0.03905855,0.026429751,0.039243635,0.026337183,0.039336203,0.026244615,0.03989156,0.026985057,0.041465013,0.02772555,0.041557581,0.029299003,0.042205506,0.028095772,0.042205506,0.028465993,0.042760863,0.029113918,0.038688329,0.031890653,0.044056663,0.030039496,0.042575727,0.029484139,0.043131084,0.029206435,0.042760863,0.03068737,0.04461202,0.031705516,0.04461202,0.03152038,0.044334316,0.031335295,0.043964094,0.031242727
comoestas,3,0.188853303,0.101396607,0.184787296,0.094879939,0.178323708,0.08427456,0.176101677,0.079416778,0.175002411,0.074444267,0.181407943,0.084141204,0.177246213,0.08604365,0.177101073,0.086479797,0.176342887,0.086278915,0.184037404,0.087339685,0.174867638,0.092418771,0.175929927,0.094420466,0.177645695,0.093610374,0.183481723,0.092557761,0.176293815,0.09665435,0.177404831,0.097598005,0.179776841,0.097108432,0.184619003,0.096248129,0.179270231,0.100009617,0.179102283,0.10050268,0.180310059,0.09912426,0.053654072,0.058221987,0.055463213,0.051966572,0.05808597,0.048546579,0.061026965,0.045953956,0.063499432,0.042769436,0.065586103,0.04923845,0.067813387,0.050989915,0.066275554,0.051688248,0.064861886,0.052987393,0.065592565,0.052537458,0.067345654,0.053576076,0.065223183,0.054753441,0.063812763,0.05481675,0.065368427,0.055245433,0.066826777,0.05569371,0.065412314,0.056045295,0.063762413,0.056582799,0.064907053,0.057421503,0.066018829,0.057638384,0.065369221,0.057814557,0.063893074,0.058055732
comoestas,3,0.203892892,0.100996711,0.202106742,0.092667153,0.199931114,0.083094336,0.198918466,0.075006554,0.199695441,0.071040956,0.202730406,0.076395831,0.195881517,0.073049232,0.194323598,0.072424576,0.193700926,0.072657371,0.203193813,0.078960245,0.190275985,0.081448598,0.191209744,0.084565181,0.194089414,0.086045948,0.201633909,0.083939334,0.189649841,0.086349444,0.191206271,0.089311078,0.194319628,0.090403308,0.199763414,0.089774881,0.190346935,0.090785048,0.191279702,0.093434552,0.193926676,0.094370594,0.034684783,0.031418214,0.032677846,0.029327676,0.030670909,0.026568174,0.029918345,0.023808673,0.028329516,0.021634483,0.034433879,0.022972458,0.034768385,0.023139711,0.035186493,0.023725022,0.034601132,0.025146598,0.036691671,0.023306914,0.036357165,0.023223312,0.035437347,0.025731959,0.035520949,0.026233668,0.038531355,0.024226781,0.038447703,0.024226781,0.036942525,0.025731959,0.036858924,0.026902631,0.03986928,0.025564706,0.03936757,0.025564706,0.039033064,0.02631732,0.038364102,0.02740439
comoestas,3,0.199644583,0.10898177,0.193790156,0.09901818,0.18799345,0.090621158,0.186356077,0.084133042,0.186133848,0.080491618,0.191242703,0.087463971,0.183888954,0.088728703,0.181658489,0.089093841,0.181015373,0.088884647,0.194099448,0.093227583,0.180953803,0.09664572,0.181531502,0.099908105,0.183800447,0.100409033,0.194869552,0.100220139,0.182243403,0.103696767,0.18224677,0.106583479,0.185909215,0.105560073,0.194693982,0.107683319,0.184467133,0.11061111,0.183839409,0.112200815,0.185091971,0.11364078,0.032904277,0.037447219,0.035091402,0.03324118,0.034081993,0.028698671,0.039549829,0.029876387,0.040559286,0.032399982,0.042746411,0.033914167,0.043419398,0.034839495,0.041568743,0.034082426,0.039718088,0.033577698,0.040895756,0.035933081,0.042073472,0.035512482,0.041484614,0.034082426,0.040306898,0.033914167,0.040306898,0.037867866,0.042157553,0.037699607,0.041400484,0.036017211,0.040895756,0.033745908,0.039718088,0.038961404,0.042494071,0.038624934,0.041064015,0.039213792,0.039549829,0.039045534
tomar,4,0.159771463,0.120403164,0.162059333,0.122659475,0.158822082,0.121093758,0.15904634,0.120973461,0.15281206,0.132344495,0.166314282,0.119315664,0.156276168,0.116153042,0.157241514,0.115325815,0.164998812,0.132138431,0.167241757,0.121649946,0.156575796,0.116613067,0.160622453,0.11752272,0.166341757,0.131052045,0.16397109,0.121018015,0.160496958,0.11705824,0.164673194,0.125765662,0.165730619,0.13219301,0.16601651,0.117956754,0.155614534,0.115802547,0.157677033,0.115573092,0.165147698,0.126409473,0.065196468,0.057514875,0.071825092,0.052882216,0.077846141,0.049562094,0.080430929,0.045098111,0.081251882,0.040000415,0.072820623,0.043431218,0.074056935,0.037951728,0.075316266,0.035372026,0.077019136,0.035090405,0.0684182,0.042705129,0.070019003,0.036522867,0.071913978,0.034361383,0.074209497,0.03295131,0.065072013,0.042342939,0.066731629,0.036981444,0.068729821,0.033935331,0.070794251,0.032692077,0.061561718,0.042214585,0.063739316,0.037277991,0.065878188,0.034749861,0.067483856,0.033580678
tomar,4,0.16881381,0.119579974,0.166582495,0.122223121,0.159154799,0.121469856,0.152965839,0.126135809,0.151961761,0.127557082,0.157539903,0.119781704,0.15033301,0.120293529,0.150850673,0.123219386,0.163393974,0.127546499,0.159688086,0.120776554,0.162616006,0.121936932,0.163809932,0.126008575,0.164096475,0.127390227,0.161268491,0.122174715,0.161706559,0.124350579,0.161794703,0.125283021,0.168457991,0.132905224,0.163488899,0.120887338,0.157216216,0.121237468,0.1597043,0.12743203,0.159894149,0.127572942,0.063566081,0.063696794,0.07005768,0.057711922,0.076686801,0.052862723,0.079299613,0.04772831,0.078428046,0.042952044,0.070010748,0.046893829,0.070143583,0.040546474,0.071154323,0.038632065,0.072824257,0.037314767,0.065161874,0.046829888,0.066120405,0.039789673,0.067425853,0.03670327,0.069434037,0.035516772,0.061151844,0.046630752,0.06162231,0.040004226,0.064288657,0.036623527,0.066547418,0.035784359,0.057594121,0.047200771,0.058889162,0.040715098,0.061060015,0.037686446,0.063565197,0.036443584
tomar,4,0.168150867,0.118856967,0.164195178,0.117531053,0.156148278,0.116569627,0.150218373,0.119944919,0.149579067,0.12485623,0.163396553,0.11793733,0.159846852,0.120217415,0.158611769,0.122016643,0.159117004,0.122959206,0.165168792,0.122718632,0.163175422,0.128037961,0.159528214,0.130787877,0.163152207,0.12838823,0.167134303,0.12577906,0.163717802,0.128441046,0.16106162,0.131140467,0.159430417,0.135390997,0.168252146,0.130351709,0.163042512,0.130557169,0.159882546,0.135619673,0.160699453,0.135709054,0.059406458,0.061911476,0.065496001,0.056381376,0.071027465,0.051836788,0.072758815,0.046742247,0.070890027,0.042494677,0.065857356,0.045276718,0.066797133,0.041620281,0.065668756,0.040331367,0.064736089,0.036637756,0.061270312,0.046012138,0.06106401,0.041217922,0.061695975,0.038418672,0.062852297,0.037021137,0.056294491,0.046809457,0.055784351,0.040614658,0.05630665,0.038370325,0.057097846,0.037469202,0.052318691,0.046873852,0.052475572,0.041727335,0.053599364,0.039977645,0.05573702,0.038686206
tomar,4,0.15506721,0.118837757,0.15922359,0.12516089,0.149233017,0.131847614,0.152483145,0.127218643,0.144714214,0.133435112,0.153813327,0.121895969,0.153043324,0.121985504,0.151457383,0.127152854,0.154647951,0.129825441,0.155636342,0.124017954,0.161050887,0.120018844,0.147013711,0.126464601,0.152735012,0.133074246,0.156181728,0.124626404,0.15110041,0.127419903,0.149839132,0.130531835,0.150376343,0.137763166,0.156512619,0.124556722,0.147368738,0.126690774,0.15274669,0.130668863,0.149362259,0.134992635,0.07396987,0.062673912,0.078181256,0.05564602,0.083873438,0.047674233,0.086641633,0.044630931,0.088256537,0.041618227,0.078406184,0.043877122,0.079616817,0.03784241,0.080227136,0.036561044,0.080449689,0.035732804,0.07564885,0.045189047,0.078168799,0.040443875,0.077619208,0.039154295,0.075627361,0.037940431,0.073672963,0.047546548,0.074938641,0.043750333,0.075704167,0.040668803,0.077109364,0.037315359,0.073540178,0.04999993,0.073928644,0.045489379,0.074697402,0.043279533,0.076358007,0.041278421
caminar,5,0.115693478,0.063090307,0.10997489,0.068704848,0.10568424,0.075298685,0.105248298,0.083081429,0.115638063,0.086352132,0.101795988,0.076490523,0.100183514,0.083139721,0.097397709,0.087528502,0.094571849,0.09087302,0.104019552,0.074269999,0.105767064,0.083956678,0.107536015,0.090771904,0.108165178,0.096048472,0.10685084,0.072580725,0.110210881,0.081659353,0.114520202,0.081281486,0.115143937,0.078658726,0.110954239,0.071177103,0.113420524,0.077635847,0.115982279,0.078262405,0.116986432,0.076438093,0.1103825,0.108955811,0.114976389,0.101690748,0.120316024,0.097096045,0.129075566,0.095066626,0.135166377,0.094529406,0.130894885,0.101159607,0.141262614,0.100309759,0.147672022,0.099241289,0.153012743,0.09870776,0.131857192,0.104262218,0.142223835,0.1038361,0.148203381,0.101805541,0.15300623,0.099776175,0.131749726,0.105864218,0.140514153,0.105756806,0.145211166,0.103191415,0.149802883,0.101268267,0.131642261,0.107039882,0.138588454,0.106504073,0.141577956,0.104579731,0.14446379,0.103082701
caminar,5,0.108716777,0.064254564,0.102849531,0.070518641,0.101979093,0.079603049,0.100596168,0.084146151,0.10871868,0.087703756,0.095034021,0.079414095,0.093273896,0.086682047,0.09227236,0.092038383,0.090872362,0.095047996,0.096756464,0.077086294,0.095867212,0.086000943,0.095129395,0.093439034,0.096910509,0.089139588,0.099349889,0.074398745,0.102946101,0.082575306,0.107165996,0.081515153,0.107430205,0.078051453,0.103059528,0.071976331,0.106504359,0.078449316,0.109134324,0.078203051,0.109664047,0.075856055,0.112416356,0.109039602,0.116636415,0.100926498,0.122747098,0.096047194,0.131414504,0.094271736,0.137527363,0.093717381,0.133859212,0.10182048,0.146077318,0.101713144,0.152854641,0.100939058,0.158635268,0.100267307,0.134853191,0.106155542,0.146964177,0.106382776,0.152410396,0.104272692,0.155297175,0.101603306,0.13507776,0.108375572,0.145186108,0.108380412,0.148964096,0.105713526,0.152297839,0.103381266,0.135190317,0.109042321,0.143188364,0.109376728,0.145520516,0.107376591,0.148297457,0.104939441
caminar,5,0.10831676,0.058719331,0.099457752,0.065602091,0.095282042,0.075760437,0.094358012,0.081199035,0.109035611,0.07984236,0.094730359,0.073024475,0.093278767,0.080255409,0.094175716,0.085534322,0.091340368,0.089117378,0.097045628,0.070576441,0.098001529,0.08017099,0.099349106,0.086809539,0.100340917,0.089944875,0.100352869,0.067728979,0.104963917,0.075819121,0.10755963,0.07683053,0.108247255,0.075657659,0.104327923,0.065641178,0.108007458,0.071403991,0.108943547,0.071036167,0.108287687,0.068304835,0.117726913,0.104125922,0.122428624,0.096248819,0.129596675,0.090259292,0.138537087,0.087792683,0.144877102,0.086031251,0.141228471,0.095778648,0.154042021,0.095311976,0.160852584,0.094841805,0.166842649,0.094722499,0.14216526,0.100126048,0.154505031,0.100476913,0.16014084,0.098126058,0.162722931,0.095891008,0.141691481,0.102704963,0.152038692,0.102943575,0.156382378,0.100238355,0.159080761,0.097066409,0.141105719,0.103883918,0.149568584,0.104234783,0.151922939,0.102469905,0.154035022,0.098827842
caminar,5,0.108553691,0.059463201,0.106025745,0.066338743,0.095034255,0.065010247,0.095044341,0.06927443,0.107463113,0.072929155,0.097278435,0.065406048,0.086480866,0.064695624,0.084107478,0.067097634,0.097611159,0.08444091,0.098069601,0.064557039,0.089625793,0.064049585,0.096192273,0.062409682,0.108849615,0.077553048,0.099343088,0.063534553,0.091642088,0.063094483,0.098063768,0.062023967,0.109496853,0.077031746,0.103981537,0.062492713,0.093292022,0.060972042,0.094266532,0.061193603,0.111088671,0.075989906,0.122068603,0.104750568,0.12792602,0.096786628,0.134249022,0.091045552,0.143500187,0.088470556,0.150646411,0.087178261,0.145845553,0.096439294,0.158727074,0.095618688,0.166455005,0.095033873,0.173129648,0.095150215,0.147366061,0.100889655,0.159893215,0.100190189,0.165627966,0.097264697,0.169716819,0.09585606,0.147364425,0.103469449,0.157783912,0.102183532,0.162461559,0.099140117,0.166322526,0.096558797,0.14677454,0.10405579,0.15555576,0.103939503,0.158014523,0.101248275,0.16128615,0.098432637
caminar,5,0.112508525,0.058181476,0.107139191,0.062822144,0.104887746,0.069636176,0.103545465,0.0741066,0.118393564,0.078797027,0.103872699,0.072059263,0.104518728,0.078567445,0.105238074,0.083523647,0.107151773,0.07820288,0.106394111,0.06984572,0.107498527,0.078219759,0.115672653,0.075482745,0.116651249,0.075282831,0.109656099,0.066637426,0.114612248,0.075019491,0.117051489,0.075233073,0.116585491,0.074575446,0.113597407,0.064362061,0.117620525,0.071319776,0.119052693,0.07216287,0.117620525,0.06921626,0.11564055,0.097431103,0.120728733,0.090351296,0.12839958,0.085009663,0.13663325,0.084904399,0.143727813,0.084327338,0.138161206,0.092934842,0.150596626,0.093174261,0.156620947,0.092949236,0.160279032,0.092836723,0.139442183,0.09722772,0.151075568,0.096882934,0.154755918,0.096040616,0.156450598,0.096893134,0.139449432,0.098973142,0.149675503,0.098156662,0.152672907,0.095391429,0.152121993,0.09233619,0.139343806,0.099655416,0.147239886,0.098508646,0.14978786,0.096538199,0.15114495,0.095968438
hola,6,0.217517651,0.083215411,0.207390313,0.076771006,0.198094815,0.069083633,0.192138658,0.062339437,0.186026016,0.059577816,0.20596997,0.057669675,0.204029258,0.047365186,0.202409753,0.040277322,0.201622088,0.032867878,0.213523919,0.057015359,0.211749426,0.04491429,0.210451126,0.036539731,0.209963702,0.029141293,0.220091041,0.058124828,0.218471535,0.046822431,0.217351433,0.03893597,0.216208869,0.031703676,0.226990599,0.06003297,0.22681315,0.051481261,0.226646931,0.045513874,0.226169989,0.040200727,0,0,0,0,0,0,0,0,0,0,0,0,0,0,0,0,0,0,0,0,0,0,0,0,0,0,0,0,0,0,0,0,0,0,0,0,0,0,0,0,0,0
hola,6,0.221360638,0.089146916,0.211560827,0.08644269,0.201590399,0.081881579,0.194832586,0.077151109,0.188241458,0.074108796,0.203784821,0.067507997,0.199734064,0.059230443,0.198053063,0.052297768,0.198400585,0.046720823,0.21088308,0.06412681,0.207341027,0.056024983,0.205318793,0.048249449,0.204312394,0.043181757,0.217983698,0.061081981,0.214271028,0.053314545,0.212754353,0.048759646,0.209880612,0.043352216,0.224402637,0.060575401,0.223224049,0.053821126,0.221703443,0.050447094,0.220351881,0.047580586,0,0,0,0,0,0,0,0,0,0,0,0,0,0,0,0,0,0,0,0,0,0,0,0,0,0,0,0,0,0,0,0,0,0,0,0,0,0,0,0,0,0
hola,6,0.224249006,0.087311198,0.212719284,0.083142319,0.201915901,0.078083243,0.194177558,0.072290295,0.187520126,0.069758587,0.206631787,0.06385288,0.199983363,0.054103959,0.196218188,0.047607518,0.193534743,0.040924291,0.214031117,0.061351635,0.208473431,0.049253369,0.205424769,0.04077673,0.202389209,0.033555095,0.220519043,0.060999929,0.216219963,0.049092788,0.213536519,0.041875493,0.210487857,0.034836221,0.22808788,0.062276715,0.226311746,0.052532052,0.225426545,0.046760804,0.223815004,0.04170615,0,0,0,0,0,0,0,0,0,0,0,0,0,0,0,0,0,0,0,0,0,0,0,0,0,0,0,0,0,0,0,0,0,0,0,0,0,0,0,0,0,0
hola,6,0.213820453,0.085460958,0.204838966,0.078337303,0.197405548,0.071213648,0.192449935,0.063780229,0.18718441,0.060373283,0.205148879,0.059753756,0.203289402,0.049223155,0.202671073,0.041789886,0.202051247,0.034666231,0.212272385,0.06006352,0.212272385,0.047055112,0.211962472,0.039002317,0.21072282,0.031568898,0.218466152,0.061612186,0.218156239,0.049223155,0.217847823,0.041789886,0.21753791,0.034666231,0.224661416,0.064089992,0.224971329,0.05448853,0.224971329,0.049223155,0.224971329,0.043957929,0,0,0,0,0,0,0,0,0,0,0,0,0,0,0,0,0,0,0,0,0,0,0,0,0,0,0,0,0,0,0,0,0,0,0,0,0,0,0,0,0,0
hola,6,0.2180752,0.085546174,0.20870602,0.080485764,0.199471847,0.074126217,0.192864685,0.068309818,0.186932047,0.065596331,0.205714899,0.062668315,0.202124428,0.053116364,0.199564409,0.046756868,0.197808806,0.040498475,0.212501558,0.061717436,0.209869433,0.050114043,0.208049907,0.04278894,0.206803137,0.035740705,0.218853536,0.061919435,0.216745586,0.05141998,0.215243633,0.044349396,0.213649118,0.038192054,0.225178922,0.063929147,0.225433083,0.055335132,0.225507235,0.049874047,0.224934989,0.044094673,0,0,0,0,0,0,0,0,0,0,0,0,0,0,0,0,0,0,0,0,0,0,0,0,0,0,0,0,0,0,0,0,0,0,0,0,0,0,0,0,0,0
hola,6,0.215952238,0.079881695,0.207304085,0.075557329,0.19803707,0.06814444,0.191242609,0.059187001,0.185373548,0.054862779,0.203596701,0.055171632,0.202979285,0.043434377,0.20236187,0.035094787,0.200817608,0.029535012,0.210392608,0.054553927,0.211010023,0.042198824,0.212863715,0.032932677,0.213173146,0.025828496,0.21780593,0.055171632,0.218113915,0.044978783,0.220585022,0.038492307,0.227998345,0.039419008,0.224600391,0.057333742,0.226144653,0.050847411,0.227688914,0.046832042,0.229852037,0.043434377,0,0,0,0,0,0,0,0,0,0,0,0,0,0,0,0,0,0,0,0,0,0,0,0,0,0,0,0,0,0,0,0,0,0,0,0,0,0,0,0,0,0
hola,6,0.226188043,0.08172318,0.21657925,0.080460189,0.205588933,0.07595131,0.197857449,0.0708181,0.190274944,0.069249985,0.207928649,0.061700207,0.202056564,0.053006541,0.198663405,0.046338431,0.195588559,0.040761945,0.214286751,0.058611603,0.20841955,0.048059108,0.204873341,0.041081234,0.201484253,0.034880334,0.219863319,0.057691754,0.215697582,0.047763509,0.212151373,0.041400604,0.209372858,0.035352185,0.227141351,0.058011043,0.224982364,0.050099073,0.223600027,0.04451298,0.221126798,0.039398738,0,0,0,0,0,0,0,0,0,0,0,0,0,0,0,0,0,0,0,0,0,0,0,0,0,0,0,0,0,0,0,0,0,0,0,0,0,0,0,0,0,0
mal,7,0.183610934,0.061673567,0.175600178,0.066511182,0.166573362,0.071847196,0.158627448,0.077183209,0.153194613,0.081832847,0.158594712,0.058454911,0.158692289,0.064225677,0.163017783,0.065915648,0.166074146,0.065818574,0.160557583,0.053825104,0.161780758,0.059038674,0.16835367,0.06237354,0.170108797,0.061661165,0.164345459,0.05006285,0.165019055,0.054907264,0.17045189,0.057762933,0.171974091,0.056804475,0.169448421,0.047084045,0.169370359,0.049810534,0.170891931,0.052057764,0.172931605,0.053236431,0.088070157,0.063496053,0.097052213,0.068047422,0.105890359,0.073547994,0.11338232,0.07805284,0.119096491,0.08140653,0.11403212,0.058225196,0.118077536,0.066814867,0.116599213,0.068783026,0.110009933,0.070451845,0.110947617,0.055727855,0.116000342,0.063909087,0.110153844,0.06701682,0.108329595,0.065791379,0.108738096,0.052678165,0.113094499,0.060174659,0.107679795,0.063546982,0.105746449,0.061913103,0.105602538,0.050289858,0.10922787,0.056307966,0.10633361,0.059236975,0.103404601,0.057482478
mal,7,0.183382178,0.07121556,0.174276147,0.075523301,0.165643725,0.079718413,0.15754264,0.083499875,0.151851739,0.086925834,0.15865714,0.073054042,0.157352185,0.07121792,0.160386405,0.074141406,0.160077126,0.070368877,0.161093027,0.066745173,0.1601062,0.067857482,0.162071006,0.065120111,0.16168504,0.062716036,0.163290846,0.062630837,0.161804285,0.064648692,0.163774568,0.06154579,0.167692804,0.060278294,0.166662998,0.058861805,0.163016119,0.058183625,0.165441894,0.058269709,0.167823004,0.057935148,0.088467088,0.064217092,0.0981661,0.067614778,0.107685529,0.071751068,0.116145024,0.074204821,0.121897022,0.076732565,0.111663808,0.057793318,0.119890838,0.062279211,0.120389856,0.065563551,0.113605776,0.068302355,0.110187233,0.054361544,0.116897237,0.060953904,0.11303833,0.065554871,0.110284062,0.065291773,0.10763328,0.051586503,0.113608768,0.057925963,0.110877549,0.061764392,0.107203576,0.062068025,0.104557345,0.049244663,0.109596021,0.054882894,0.108317949,0.057985712,0.104655312,0.058479041
mal,7,0.139598437,0.037706148,0.131966914,0.039817122,0.125147015,0.044363909,0.118002091,0.047124371,0.113455493,0.049073021,0.12189864,0.033321874,0.118976228,0.035920011,0.123035289,0.038355729,0.126121152,0.038355729,0.125309528,0.030561318,0.121249528,0.032672292,0.12595864,0.035432848,0.127906914,0.035757592,0.126283665,0.027963181,0.123847853,0.028937505,0.127744401,0.031860386,0.129206076,0.032022805,0.128556965,0.024715556,0.126283665,0.025202719,0.127257802,0.026664112,0.128231939,0.027800856,0.130724396,0.072518629,0.145453498,0.079248723,0.159776036,0.086882312,0.17209685,0.091594148,0.179486012,0.09943102,0.162233642,0.07124173,0.174790522,0.069670993,0.173568858,0.069940031,0.17189958,0.068003969,0.159572754,0.060043945,0.169891749,0.06228183,0.165122329,0.070102168,0.158864462,0.070330062,0.154674076,0.05445332,0.165196258,0.056235417,0.158677619,0.062940899,0.154836213,0.064519809,0.149067011,0.046624809,0.156448001,0.049065882,0.155805371,0.05554347,0.151093441,0.058668317
mal,7,0.093381196,0.039079816,0.08988236,0.0428196,0.085780988,0.046679957,0.08288602,0.049695899,0.081196789,0.0525912,0.083971383,0.039924298,0.080473213,0.045111699,0.08288602,0.044749778,0.084333171,0.044146577,0.082403192,0.038838536,0.080473213,0.042337038,0.084092423,0.042578319,0.085539575,0.041975117,0.083006394,0.036908357,0.080352174,0.039079816,0.083971383,0.040165579,0.085057412,0.039924298,0.083609596,0.034374977,0.081196789,0.036184515,0.082523567,0.037511559,0.084212797,0.037752839,0.139732019,0.093859301,0.153309907,0.10233179,0.167820464,0.111271144,0.177965424,0.118581456,0.185187416,0.126061754,0.174501836,0.092478588,0.182736902,0.10112379,0.184323315,0.10729008,0.187707762,0.111057796,0.173589253,0.08312045,0.180980767,0.094604624,0.173550214,0.100302784,0.170775487,0.100450692,0.169438202,0.078205853,0.174838618,0.088336648,0.169015029,0.093316353,0.165967431,0.093464593,0.164204979,0.072789741,0.169348619,0.078552944,0.167062172,0.084042544,0.162889041,0.08628523
mal,7,0.18777016,0.055676225,0.179766414,0.062540244,0.171338088,0.069802603,0.164696739,0.075433026,0.160539157,0.081472524,0.16780646,0.057935629,0.160787311,0.061354986,0.162743584,0.061114762,0.165949983,0.061354808,0.167567662,0.052817285,0.161827152,0.055427625,0.169288702,0.057001643,0.171863801,0.056031348,0.169141235,0.048170078,0.162613938,0.050113565,0.168710418,0.051320877,0.171432984,0.050194293,0.170034946,0.042391565,0.164109099,0.043593753,0.164870937,0.044826415,0.169980592,0.046006817,0.09261994,0.054769104,0.101873679,0.060158189,0.111030562,0.066980731,0.120452261,0.070237875,0.126724765,0.073473901,0.11591033,0.052134394,0.121379118,0.058458713,0.119653579,0.059468214,0.115184669,0.060989215,0.11489125,0.048307253,0.120042695,0.054199641,0.11436037,0.057933446,0.111849425,0.05743647,0.113255126,0.04447049,0.117516113,0.049490106,0.11202496,0.052949916,0.109828864,0.052774783,0.109908701,0.040727062,0.112676932,0.044416715,0.111109819,0.04753508,0.108728566,0.047958769
porfavor,8,0.122504997,0.098531243,0.127700142,0.095067812,0.129720073,0.084677776,0.141553099,0.067360879,0.141553099,0.058702431,0.130875229,0.076885122,0.132318219,0.067649477,0.133184268,0.060434019,0.136647188,0.053507285,0.134627257,0.076307926,0.135204199,0.065051968,0.136358081,0.056682118,0.136647188,0.05033258,0.137801071,0.076596524,0.136936296,0.06620636,0.135204199,0.058125108,0.13433815,0.051486972,0.141553099,0.077750915,0.141553099,0.069958388,0.141553099,0.065051968,0.141553099,0.059568225,0.150432645,0.10006555,0.146234856,0.096513095,0.143328499,0.081980799,0.143005004,0.069386032,0.142359288,0.073907188,0.135577364,0.075199001,0.133963711,0.065510719,0.132348785,0.057760094,0.132671006,0.051947252,0.137838005,0.075199001,0.134931648,0.063573063,0.135255143,0.055499579,0.135900858,0.04968661,0.139776426,0.07616783,0.137515784,0.065187861,0.138807216,0.057437236,0.138807216,0.051624266,0.142037067,0.079074314,0.141713573,0.070677845,0.142359288,0.063896048,0.143005004,0.060020735
porfavor,8,0.137896026,0.097234138,0.133525261,0.086894311,0.131592195,0.075913092,0.13782523,0.062813876,0.138732191,0.0561249,0.137741916,0.072371499,0.137014534,0.064397841,0.13854182,0.057001384,0.139177254,0.049711379,0.135277797,0.073840766,0.13911725,0.064707097,0.139177254,0.057760581,0.140365239,0.049211321,0.139185456,0.07365972,0.138404546,0.067731235,0.137793286,0.061714084,0.138128702,0.057581217,0.143351605,0.074700242,0.141583873,0.069373866,0.139197975,0.061716371,0.137728102,0.059373857,0.139735848,0.097217562,0.144479154,0.09472193,0.145532886,0.083793938,0.142011668,0.064370645,0.14543101,0.071012309,0.14143408,0.070482896,0.138379508,0.061762907,0.13616067,0.055300779,0.136835387,0.046579537,0.141214786,0.069805805,0.137513125,0.059368504,0.137623636,0.049961538,0.134540142,0.042796462,0.141564447,0.070595608,0.139424175,0.06026558,0.138856947,0.052214479,0.13873953,0.046215069,0.141827772,0.073068145,0.14329894,0.063101764,0.141010601,0.057768308,0.140559927,0.052769793
porfavor,8,0.178000023,0.113972841,0.175476414,0.089258175,0.172848377,0.090196687,0.185521151,0.076621047,0.182145712,0.068996199,0.168777357,0.084456007,0.17294511,0.078159271,0.172185067,0.070089938,0.177831212,0.067428061,0.175978215,0.091384647,0.172013115,0.078377626,0.173090366,0.072281971,0.175575424,0.067292619,0.176943187,0.095011496,0.173525349,0.083140614,0.173935207,0.076925536,0.175772501,0.074332596,0.179228027,0.099667702,0.176494071,0.090419675,0.176327615,0.08481106,0.177284735,0.08191952,0.08373585,0.052492824,0.09240882,0.052926472,0.106285101,0.049023793,0.104984077,0.047506062,0.0960944,0.044036953,0.094359964,0.04143514,0.09089109,0.025173754,0.088505748,0.024523321,0.088722455,0.020186993,0.09089109,0.033846488,0.089373359,0.028642863,0.088722455,0.026041051,0.089373359,0.021921508,0.089156653,0.036448301,0.089156653,0.031244676,0.089156653,0.026908348,0.092192114,0.026474699,0.087638922,0.038182895,0.09240882,0.035364219,0.09240882,0.033196055,0.091975407,0.02799243
porfavor,8,0.188842033,0.114193562,0.179758223,0.10968744,0.17720206,0.081281108,0.177089239,0.076240347,0.177649978,0.06891209,0.175842478,0.086931525,0.177526464,0.071069589,0.179673186,0.06153761,0.17803054,0.052581272,0.178999625,0.083816728,0.177722386,0.073118646,0.179237056,0.063614703,0.177328353,0.052918473,0.182368271,0.085908639,0.179336406,0.075856923,0.17803054,0.064557183,0.176935162,0.056990401,0.185933934,0.088576192,0.184431051,0.084407104,0.177637349,0.074133618,0.175236104,0.069416924,0.079268592,0.052143204,0.082290186,0.044804928,0.086175369,0.032934176,0.090060131,0.032502508,0.087902211,0.031423295,0.095239814,0.045452388,0.092866354,0.034876642,0.090060131,0.026459236,0.091139512,0.02624336,0.093944893,0.042862378,0.092434433,0.036387438,0.091139512,0.031854964,0.08962821,0.031207503,0.094808735,0.043941591,0.092866354,0.036819107,0.091355052,0.031423295,0.091139512,0.028185825,0.095239814,0.04437326,0.08747029,0.02624336,0.089412671,0.026027568,0.092218052,0.025811692
porfavor,8,0.179186037,0.109705779,0.168475396,0.102539459,0.156922463,0.092853658,0.1761716,0.073500924,0.179820879,0.050811063,0.170655955,0.088397527,0.173583791,0.070981188,0.183190555,0.058933045,0.183207552,0.050976104,0.178099922,0.082143357,0.18157498,0.069704195,0.180914643,0.058403075,0.180220311,0.048500391,0.183954575,0.082430013,0.18280812,0.070737874,0.179655157,0.058489845,0.179038162,0.050611262,0.188627929,0.08650388,0.187264761,0.073795484,0.181756849,0.062885127,0.177309557,0.055466995,0.086624899,0.055724501,0.095183792,0.055724501,0.115154541,0.053529835,0.104839847,0.048043424,0.102206146,0.049140672,0.094305891,0.042556928,0.088599963,0.033998036,0.089038488,0.028731057,0.0883807,0.024561328,0.091013552,0.040581779,0.0892586,0.033339653,0.090135651,0.026755909,0.091013552,0.023025129,0.091233664,0.040362347,0.090794289,0.033339653,0.091233664,0.027853157,0.091891452,0.023902945,0.093427991,0.040801297,0.092988615,0.034436986,0.092988615,0.030706121,0.093427991,0.027633724
porfavor,8,0.142428579,0.090256803,0.139583182,0.085773762,0.117245898,0.077046107,0.124145821,0.067968517,0.131681401,0.065186482,0.132572079,0.063850825,0.127294321,0.079748709,0.138057503,0.053358079,0.140569035,0.048509163,0.136991759,0.062260997,0.133176316,0.068524806,0.141443381,0.060257544,0.141045892,0.054645526,0.1397103,0.063548641,0.138215909,0.076950801,0.140696284,0.057348194,0.141697224,0.055790179,0.144447512,0.068508735,0.139630671,0.078270323,0.142889693,0.058302104,0.143637446,0.057825182,0.145328221,0.092439586,0.146654695,0.091944823,0.144007387,0.088899304,0.146495961,0.071171786,0.138517371,0.062499097,0.140986859,0.068207732,0.142675206,0.061830776,0.140492292,0.054974406,0.137793166,0.057927899,0.136997531,0.064340931,0.13528885,0.060963514,0.135477756,0.058310565,0.133804494,0.038685657,0.137196932,0.067034416,0.135818836,0.062499097,0.141895313,0.064569979,0.137191028,0.057244361,0.136569213,0.059637564,0.155745797,0.066248619,0.139400179,0.070365196,0.143272097,0.064401669
